{
    "isolation_forest": {
        "auc": 0.9789695057833859,
        "precision": 0.49473684210526314,
        "recall": 0.9591836734693877,
        "f1_score": 0.6527777777777778
    },
    "graphsage": {
        "auc": 1.0,
        "precision": 1.0,
        "recall": 1.0,
        "f1_score": 1.0
    }
}