{
    "dataset": "IBM AMLSim HI-Small (subsampled)",
    "subsample_summary": {
        "total_nodes": 56357,
        "total_edges": 70319,
        "positive_nodes": 6357,
        "negative_nodes": 50000,
        "positive_rate_pct": 11.28,
        "laundering_components": 1362,
        "train_components": 1089,
        "test_components": 273
    },
    "features_used": [
        "in_degree",
        "out_degree",
        "amount_concentration",
        "in_tx_count",
        "out_tx_count"
    ],
    "features_unavailable": [
        "device_fingerprint",
        "ip_address",
        "velocity_sub_day",
        "holding_time_var"
    ],
    "graphsage": {
        "auc": 0.8549425233644861,
        "threshold": 0.10440525412559509,
        "precision": 0.15896025993501625,
        "recall": 0.9906542056074766,
        "f1_score": 0.2739608012061167
    },
    "graphsage_edge_masked_35pct": {
        "auc": 0.8413339563862929,
        "threshold": 0.3356073498725891,
        "precision": 0.16332776850306066,
        "recall": 0.9143302180685359,
        "f1_score": 0.277148253068933
    }
}