{
    "dataset": "IBM AMLSim HI-Small (subsampled)",
    "subsample_summary": {
        "total_nodes": 56357,
        "total_edges": 70780,
        "positive_nodes": 6357,
        "negative_nodes": 50000,
        "positive_rate_pct": 11.28,
        "laundering_components": 1362,
        "train_components": 1089,
        "test_components": 273
    },
    "features_used": [
        "in_degree",
        "out_degree",
        "amount_concentration",
        "in_tx_count",
        "out_tx_count"
    ],
    "features_unavailable": [
        "device_fingerprint",
        "ip_address",
        "velocity_sub_day",
        "holding_time_var"
    ],
    "graphsage": {
        "auc": 0.6715473116883116,
        "threshold": 0.0449787974357605,
        "precision": 0.5235611510791367,
        "recall": 0.7561038961038961,
        "f1_score": 0.6187035069075452
    },
    "graphsage_edge_masked_35pct": {
        "auc": 0.7227470649350649,
        "threshold": 0.19602499902248383,
        "precision": 0.5207618393960192,
        "recall": 0.7883116883116883,
        "f1_score": 0.6271957015912378
    }
}